<?xml version="1.0"  encoding="UTF-8"?>
<!DOCTYPE Configure PUBLIC "-//Jetty//Configure//EN" "http://www.eclipse.org/jetty/configure_9_3.dtd">
 
<!--
  Configure a custom context for serving javadoc as static resources 
-->
 
<Configure class="org.eclipse.jetty.server.handler.ContextHandler">
  <Set name="contextPath">/wfo/ui-debug/Text</Set>  
  <Set name="handler">
	<New class="org.eclipse.jetty.server.handler.ResourceHandler">
	  <Set name="directoriesListed">true</Set>
	  <Set name="resourceBase">C:\GIT\TextAnalytics_WebApplication\Eclipse\TextAnalyticsParent\out\artifacts\com.verint.textanalytics.web-0.0.1-SNAPSHOT\js\FoundationIntegrationText</Set>
	  <Set name="cacheControl">max-age=3600,public</Set>
	</New>
  </Set>
</Configure>
