<?xml version="1.0" encoding="UTF-8"?>
<!DOCTYPE Configure PUBLIC "-//Jetty//Configure//EN" "http://www.eclipse.org/jetty/configure.dtd">
<Configure class="org.eclipse.jetty.webapp.WebAppContext">
    <Set name="contextPath">TextAnalytics</Set>    

    <Call name="addFilter">
        <Arg>org.eclipse.jetty.servlets.GzipFilter</Arg>
        <Arg>/*</Arg>
        <Arg>
            <Call name="of" class="java.util.EnumSet">
                <Arg><Get name="REQUEST" class="javax.servlet.DispatcherType" /></Arg>
            </Call>
        </Arg>
        <Call name="setInitParameter">
            <Arg>mimetypes</Arg>
            <Arg>text/html,text/xml,text/plain,text/css,text/javascript,text/json,application/x-javascript,application/javascript,application/json,application/xml,application/xml+xhtml,image/svg+xml</Arg>
        </Call>
        <Call name="setInitParameter">
            <Arg>methods</Arg>
            <Arg>GET,POST</Arg>
        </Call>
    </Call>
</Configure>